metricDescriptorId,filtered_attributes
668febb557480af249f91a86,
668febb557480af249f91a91,
668febb557480af249f91a9c,
668febb557480af249f91aa7,
668febb557480af249f91ab2,
668febb557480af249f91abd,
668febb557480af249f91ac9,
668febb357480af249f913de,
668febb357480af249f913e9,
668febb357480af249f913f5,
668febb357480af249f91400,
668febb357480af249f9140b,
668febb357480af249f91421,
668febb357480af249f91432,
668ff6e757480af2491a727c,
668ff6e757480af2491a7287,
668ff6e757480af2491a7292,
668ff6e757480af2491a729d,
668ff6e757480af2491a72a8,
668ff6e757480af2491a72b3,
668ff6e757480af2491a72be,
668ff6ea57480af2491a76ac,
668ff6ea57480af2491a76b7,
668ff6ea57480af2491a76c3,
668ff6ea57480af2491a76ce,
668ff6ea57480af2491a76d9,
668ff6ea57480af2491a76e4,
668ff6ea57480af2491a76f0,
668ff96057480af24921c3e0,
668ff96057480af24921c3ef,
668ff96057480af24921c3ff,
668ff96057480af24921c40a,
668ff96057480af24921c420,
668ff96057480af24921c433,
668ff96057480af24921c43e,
66cf8259e9be161f16e1327c,
66cf8259e9be161f16e1328b,
66cf8259e9be161f16e1329c,
66cf8259e9be161f16e132a7,
66cf8259e9be161f16e132b3,
66cf8259e9be161f16e132be,
66cf8259e9be161f16e132c9,
667ed180542fd60b4ffd5458,
667ed180542fd60b4ffd546e,
667ed180542fd60b4ffd5479,
667ed180542fd60b4ffd548f,
667ed180542fd60b4ffd54ab,
667ed180542fd60b4ffd54bf,
667ed180542fd60b4ffd54d6,
668fe7e957480af249edd914,
668fe7e957480af249edd921,
668fe7e957480af249edd933,
668fe7e957480af249edd944,
668fe7e957480af249edd94f,
668fe7e957480af249edd95a,
668fe7e957480af249edd965,
668fe7eb57480af249ede038,
668fe7eb57480af249ede043,
668fe7eb57480af249ede04e,
668fe7eb57480af249ede059,
668fe7eb57480af249ede064,
668fe7eb57480af249ede074,
668fe7eb57480af249ede084,
66ddd6672718e8b99c220884,
66ddd6672718e8b99c22088f,
66ddd6672718e8b99c22089a,
66ddd6672718e8b99c2208a5,
66ddd6672718e8b99c2208b0,
66ddd6672718e8b99c2208bb,
66ddd6672718e8b99c2208c8,
66d70a352718e8b99cb0bb9f,
66d70a352718e8b99cb0bbaa,
66d70a352718e8b99cb0bbb5,
66d70a352718e8b99cb0bbc2,
66d70a352718e8b99cb0bbd4,
66d70a352718e8b99cb0bbe0,
66d70a352718e8b99cb0bbef,
668febad57480af249f90496,
668febad57480af249f904a2,
668febad57480af249f904af,
668febad57480af249f904be,
668febad57480af249f904d1,
668febad57480af249f904e5,
668febad57480af249f904f0,
66ddda0c2718e8b99c2d80a7,
66ddda0c2718e8b99c2d80b2,
66ddda0c2718e8b99c2d80bd,
66ddda0c2718e8b99c2d80c8,
66ddda0c2718e8b99c2d80d3,
66ddda0c2718e8b99c2d80e3,
66ddda0c2718e8b99c2d80f4,
