metric_descriptor_id,last_end_date
668febb557480af249f91a86,2024-11-02
668febb557480af249f91a91,2024-11-02
668febb557480af249f91a9c,2024-11-02
668febb557480af249f91aa7,2024-11-02
668febb557480af249f91ab2,2024-11-02
668febb557480af249f91abd,2024-11-02
668febb557480af249f91ac9,2024-11-02
668febb357480af249f913de,2024-09-06
668febb357480af249f913e9,2024-09-06
668febb357480af249f913f5,2024-09-06
668febb357480af249f91400,2024-09-11
668febb357480af249f9140b,2024-09-06
668febb357480af249f91421,2024-09-06
668febb357480af249f91432,2024-09-06
668ff6e757480af2491a727c,2024-11-02
668ff6e757480af2491a7287,2024-11-02
668ff6e757480af2491a7292,2024-11-02
668ff6e757480af2491a729d,2024-11-02
668ff6e757480af2491a72a8,2024-11-02
668ff6e757480af2491a72b3,2024-11-02
668ff6e757480af2491a72be,2024-11-02
668ff6ea57480af2491a76ac,2024-11-02
668ff6ea57480af2491a76b7,2024-11-02
668ff6ea57480af2491a76c3,2024-11-02
668ff6ea57480af2491a76ce,2024-11-02
668ff6ea57480af2491a76d9,2024-11-02
668ff6ea57480af2491a76e4,2024-11-02
668ff6ea57480af2491a76f0,2024-11-02
668ff96057480af24921c3e0,2024-11-02
668ff96057480af24921c3ef,2024-11-02
668ff96057480af24921c3ff,2024-11-02
668ff96057480af24921c40a,2024-11-02
668ff96057480af24921c420,2024-11-02
668ff96057480af24921c433,2024-11-02
668ff96057480af24921c43e,2024-11-02
66cf8259e9be161f16e1327c,2024-11-02
66cf8259e9be161f16e1328b,2024-11-02
66cf8259e9be161f16e1329c,2024-11-02
66cf8259e9be161f16e132a7,2024-11-02
66cf8259e9be161f16e132b3,2024-11-02
66cf8259e9be161f16e132be,2024-11-02
66cf8259e9be161f16e132c9,2024-11-02
668fe7e957480af249edd914,2024-11-02
668fe7e957480af249edd921,2024-11-02
668fe7e957480af249edd933,2024-11-02
668fe7e957480af249edd944,2024-11-02
668fe7e957480af249edd94f,2024-11-02
668fe7e957480af249edd95a,2024-11-02
668fe7e957480af249edd965,2024-11-02
668fe7eb57480af249ede038,2024-11-02
668fe7eb57480af249ede043,2024-11-02
668fe7eb57480af249ede04e,2024-11-02
668fe7eb57480af249ede059,2024-11-02
668fe7eb57480af249ede064,2024-11-02
668fe7eb57480af249ede074,2024-11-02
668fe7eb57480af249ede084,2024-11-02
66dedf892718e8b99c5c5d62,2024-11-05
66dedf892718e8b99c5c5d6d,2024-11-05
66dedf892718e8b99c5c5d78,2024-11-05
66dedf892718e8b99c5c5d88,2024-11-05
66dedf892718e8b99c5c5d97,2024-11-05
66dedf892718e8b99c5c5da2,2024-11-05
66dedf892718e8b99c5c5dad,2024-11-05
66ddd6672718e8b99c220884,2024-11-02
66ddd6672718e8b99c22088f,2024-11-02
66ddd6672718e8b99c22089a,2024-11-02
66ddd6672718e8b99c2208a5,2024-11-02
66ddd6672718e8b99c2208b0,2024-11-02
66ddd6672718e8b99c2208bb,2024-11-02
66ddd6672718e8b99c2208c8,2024-11-02
66d70a352718e8b99cb0bb9f,2024-11-02
66d70a352718e8b99cb0bbaa,2024-11-02
66d70a352718e8b99cb0bbb5,2024-11-02
66d70a352718e8b99cb0bbc2,2024-11-02
66d70a352718e8b99cb0bbd4,2024-11-02
66d70a352718e8b99cb0bbe0,2024-11-02
66d70a352718e8b99cb0bbef,2024-11-02
668febad57480af249f90496,2024-11-02
668febad57480af249f904a2,2024-11-02
668febad57480af249f904af,2024-11-02
668febad57480af249f904be,2024-11-02
668febad57480af249f904d1,2024-11-02
668febad57480af249f904e5,2024-11-02
668febad57480af249f904f0,2024-11-02
66ddda0c2718e8b99c2d80a7,2024-11-02
66ddda0c2718e8b99c2d80b2,2024-11-02
66ddda0c2718e8b99c2d80bd,2024-11-02
66ddda0c2718e8b99c2d80c8,2024-11-02
66ddda0c2718e8b99c2d80d3,2024-11-02
66ddda0c2718e8b99c2d80e3,2024-11-02
66ddda0c2718e8b99c2d80f4,2024-11-02
66dedc242718e8b99c5138e0,2024-11-09
66dedc242718e8b99c5138f3,2024-11-09
66dedc242718e8b99c513903,2024-11-09
66dedc242718e8b99c51390e,2024-10-02
66dedc242718e8b99c513918,2024-09-03
66dedc242718e8b99c513924,2024-09-03
66dedc242718e8b99c513939,2024-09-03
66dedf282718e8b99c5b5bea,2024-09-03
66dedf282718e8b99c5b5bf5,2024-09-03
66dedf282718e8b99c5b5c01,2024-09-03
66dedf282718e8b99c5b5c0c,2024-09-03
66dedf282718e8b99c5b5c17,2024-09-03
66dedf282718e8b99c5b5c22,2024-09-03
66dedf282718e8b99c5b5c33,2024-09-03
