metricDescriptorId,resourceId
668febb557480af249f91a86,668febb5b059577b39e5fa09
668febb557480af249f91a91,668febb5b059577b39e5fa09
668febb557480af249f91a9c,668febb5b059577b39e5fa09
668febb557480af249f91aa7,668febb5b059577b39e5fa09
668febb557480af249f91ab2,668febb5b059577b39e5fa09
668febb557480af249f91abd,668febb5b059577b39e5fa09
668febb557480af249f91ac9,668febb5b059577b39e5fa09
668febb357480af249f913de,668febb2a9700b05a71ca37d
668febb357480af249f913e9,668febb2a9700b05a71ca37d
668febb357480af249f913f5,668febb2a9700b05a71ca37d
668febb357480af249f91400,668febb2a9700b05a71ca37d
668febb357480af249f9140b,668febb2a9700b05a71ca37d
668febb357480af249f91421,668febb2a9700b05a71ca37d
668febb357480af249f91432,668febb2a9700b05a71ca37d
668ff6e757480af2491a727c,668ff6e6765a3c089d872db8
668ff6e757480af2491a7287,668ff6e6765a3c089d872db8
668ff6e757480af2491a7292,668ff6e6765a3c089d872db8
668ff6e757480af2491a729d,668ff6e6765a3c089d872db8
668ff6e757480af2491a72a8,668ff6e6765a3c089d872db8
668ff6e757480af2491a72b3,668ff6e6765a3c089d872db8
668ff6e757480af2491a72be,668ff6e6765a3c089d872db8
668ff6ea57480af2491a76ac,668ff6e9a9700bbff21ca91c
668ff6ea57480af2491a76b7,668ff6e9a9700bbff21ca91c
668ff6ea57480af2491a76c3,668ff6e9a9700bbff21ca91c
668ff6ea57480af2491a76ce,668ff6e9a9700bbff21ca91c
668ff6ea57480af2491a76d9,668ff6e9a9700bbff21ca91c
668ff6ea57480af2491a76e4,668ff6e9a9700bbff21ca91c
668ff6ea57480af2491a76f0,668ff6e9a9700bbff21ca91c
668ff96057480af24921c3e0,668ff96083c61336dd517c5d
668ff96057480af24921c3ef,668ff96083c61336dd517c5d
668ff96057480af24921c3ff,668ff96083c61336dd517c5d
668ff96057480af24921c40a,668ff96083c61336dd517c5d
668ff96057480af24921c420,668ff96083c61336dd517c5d
668ff96057480af24921c433,668ff96083c61336dd517c5d
668ff96057480af24921c43e,668ff96083c61336dd517c5d
668fe7eb57480af249ede038,668fe7eba9700bf2361ca195
668fe7eb57480af249ede043,668fe7eba9700bf2361ca195
668fe7eb57480af249ede04e,668fe7eba9700bf2361ca195
668fe7eb57480af249ede059,668fe7eba9700bf2361ca195
668fe7eb57480af249ede064,668fe7eba9700bf2361ca195
668fe7eb57480af249ede074,668fe7eba9700bf2361ca195
668fe7eb57480af249ede084,668fe7eba9700bf2361ca195
